comment_id,comment_parent_id,comment_body,comment_depth,comment_score,comment_created_utc
fyr4cbw,t3_hv4qax,[deleted],0,167,1595327491.0
fyr8dr0,t3_hv4qax,it eez what it eez,0,55,1595331334.0
fyrab0v,t3_hv4qax,I'm an Indian American Muslim married to a Pakistani ðŸ˜‚,0,135,1595332950.0
fyr5luv,t3_hv4qax,"This is expected. Itâ€™s Reddit after all.   
If you were in a Facebook group it would actually be the total opposite.",0,70,1595328744.0
fyrbc5n,t3_hv4qax,"I am a predominantly white, American woman who follows a lot of subs from other countries because I think itâ€™s important to see different world views.",0,125,1595333779.0
fyr6fcv,t3_hv4qax,Bangladeshi here,0,69,1595329539.0
fyrig52,t3_hv4qax,**I'm Bangladeshi**. Joined with you guys yesterday night.,0,36,1595338542.0
fyrlrvt,t3_hv4qax,"There should be more Indians in this picture, you are reducing there numbers on this sub.",0,29,1595340480.0
fyr53dj,t3_hv4qax,I am an actual Pakistani too. hugs you homie.,0,29,1595328238.0
fyr6fw0,t3_hv4qax,"Johnny Foreigner, checking in.",0,23,1595329553.0
fyr6aww,t3_hv4qax,"Ù¾Ø§Ú©Ø³ØªØ§Ù†ÛŒ Ù¾Ø§Ú©Ø³ØªØ§Ù†ÛŒ ÛÛ’,  ÙˆÛ Ú†Ø§ÛÛ’ overseas ÛÙˆ ÛŒØ§ Ù„ÙˆÚ©Ù„.",0,40,1595329421.0
fyrj0ng,t3_hv4qax,Pindi boi here,0,10,1595338887.0
fyrd7i3,t3_hv4qax,Iâ€™m from Yorkshire.,0,7,1595335165.0
fyr4gaa,t3_hv4qax,I can relate,0,7,1595327600.0
fyr356w,t3_hv4qax,Overseas Pakistanis are â€œAn actual Pakistaniâ€. No?,0,51,1595326268.0
fyr8l7o,t3_hv4qax,I am an indian who became a canadian and i concur,0,20,1595331517.0
fysie36,t3_hv4qax,"Mexican-American here, just like to follow national subs tbh. I mean, I'll never be able to afford to see the world, so I read people talk about it.",0,12,1595356766.0
fysgevx,t3_hv4qax,"Actual pakistani living in pindi, but yeah like literally no one knows about Reddit here",0,5,1595355814.0
fyr4djp,t3_hv4qax,"True shit

Ps: translation â€œsachi tattiâ€",0,25,1595327524.0
fyr9zae,t3_hv4qax,We exist but go undercover or lurk as usual,0,7,1595332682.0
fyr2uu9,t3_hv4qax,Should have added indian larpers and ex muslims,0,40,1595325969.0
fyrff73,t3_hv4qax,Actual Pakistani here,0,3,1595336650.0
fyrgq3x,t3_hv4qax,Ù…ÛŒÚº Ø§ÛŒÚ© Ø³Ú†Ø§ Ù¾Ø§Ú©Ø³ØªØ§Ù†ÛŒ ÛÙˆÙ†ØŒØ¬Ùˆ Ù¾Ø§Ú©Ø³ØªØ§Ù† Ù…ÛŒÚº Ø±ÛØªØ§ ÛÛ’,0,5,1595337476.0
fyrv0r3,t3_hv4qax,Actual pakistani reporting in!,0,4,1595345388.0
fysq00j,t3_hv4qax,I am the actual Pakistani here,0,6,1595360419.0
fyr5jdf,t3_hv4qax,Also some weirdos downvoting you because you insulted their transgender pronouns,0,31,1595328676.0
fyr92q1,t3_hv4qax,Also Kashmiris. Lot of them,0,10,1595331931.0
fyrg8xq,t3_hv4qax,"I think you become a Pakistani by heart, not by your location or place. If you hold true love for Pakistan, you're a Pakistani man that's literally it. Similarly, if you're living in Pakistan and you hold grudges or hate against it and plan on destroying and/or harming the country then you're not a Pakistani. My two cents.",0,9,1595337177.0
fyr892l,t3_hv4qax,[removed],0,13,1595331221.0
fyr6vc5,t3_hv4qax,Overseas Pakistanis are actual Pakistanis.,0,16,1595329957.0
fyrezyu,t3_hv4qax,This is true.,0,3,1595336374.0
fyrga35,t3_hv4qax,Lmao if this isn't true then idk what is,0,3,1595337198.0
fyrnpet,t3_hv4qax,Forgot the treasonous liberals,0,3,1595341555.0
fys5zk6,t3_hv4qax,Indian!,0,3,1595350788.0
fysecpk,t3_hv4qax,Well I'm an actual Pakistani,0,3,1595354823.0
fytyk8e,t3_hv4qax,Iâ€™m a saada Pakistani,0,3,1595384326.0
fyul2dg,t3_hv4qax,An actual Pakistani here!,0,3,1595400624.0
fywj1x7,t3_hv4qax,me looking at this as a 20 yr old Pakistani American who has been to Pakistan only twice ðŸ¤­ time for all my opinions to be insignificant LOL,0,3,1595445795.0
fyrls5v,t3_hv4qax,I am brown Turkish Hindu Pathan. My ancestors were white and shiet,0,5,1595340484.0
fyrp7yp,t3_hv4qax,"Actual Pakistani here ðŸ‘‹ 

Although, I actually moved back to Pakistan after spending most of my life in NYC. Iâ€™ve been in Karachi for 6 years.",0,5,1595342374.0
fyr7pvu,t3_hv4qax,"I think an important distinction is overseas Pakistanis who grew up and lived in Pakistan and moved later in life vs people born and grown up somewhere else who are Pakistani by ethnic origin.

The latter will still have somewhat common ground in culture.",0,10,1595330745.0
fyrkbl9,t3_hv4qax,Yoooooo. Looks like you finally found me uwu.,0,2,1595339650.0
fyro5nm,t3_hv4qax,"This is perfect.

And since its a Simpsons reference we know it was made by an Overseas Pakistani.",0,2,1595341801.0
fyrrwo1,t3_hv4qax,Fucking A,0,2,1595343789.0
fyrvpo3,t3_hv4qax,im an overseas pakistani lol,0,2,1595345739.0
fysddhr,t3_hv4qax,"Legitimate question, do many Pakistanis (in Pakistan) even use reddit.",0,2,1595354352.0
fysqqka,t3_hv4qax,Pakistani here,0,2,1595360773.0
fysy5lh,t3_hv4qax,"Parents from Pakistan but Iâ€™m born in Canada, where the hell do I fall? I always identify to others as â€œPakistaniâ€ ðŸ˜³",0,2,1595364302.0
fytaqql,t3_hv4qax,Indian here. Pretty accurate. Stay safe. Subbed because I don't trust the media here.,0,2,1595370531.0
fytrksw,t3_hv4qax,"I swear all my friends come to reddit page of Pakistan (I am overseas), none of my family that lives in Pakistan knows about Pakistani subreddit page.",0,2,1595380177.0
fyu5g43,t3_hv4qax,Indian here,0,2,1595388574.0
fyu8vnw,t3_hv4qax,Indian here. Lol.,0,2,1595390853.0
fyuvee0,t3_hv4qax,"Can confirm.
Souce: I'm overseas Pakistani",0,2,1595410921.0
gfhvl1t,t3_hv4qax,"Yeah, hard to get a local perspective here...

The ""international"" perspective skews expectations one way or the other.",0,2,1607754149.0
fyr534e,t3_hv4qax,About time some one says the truth,0,1,1595328231.0
fyrfj1x,t3_hv4qax,"Yea it feels really weird like my friends and the ppl around me don't give a damn about the topics discussed here. Feels,*different*....",0,2,1595336720.0
fyr8lvs,t3_hv4qax,[removed],0,1,1595331533.0
fyrag0x,t3_hv4qax,[deleted],0,1,1595333064.0
fyrms7n,t3_hv4qax,This is what you think. But you're all under the AC drinking Rohe Afza.,0,1,1595341045.0
fyrmumv,t3_hv4qax,Overseas Pakistani here but born and raised in Lahore. Lived there for 26 years and then I went abroad for studies. I am as bun kebab as I can get,0,1,1595341083.0
fys6wuw,t3_hv4qax,[removed],0,1,1595351243.0
fysnglc,t3_hv4qax,Fellow ABCD here ðŸ‘‹,0,1,1595359193.0
fyt2gwb,t3_hv4qax,~~Actual~~ Domestic Pakistani,0,1,1595366356.0
fyu5lms,t3_hv4qax,"Do Pakistanis with Pakistani passports who've been studying/working abroad for some years count as ""actual"" or not 
How many months per year should have been spent in Pakistan for it to count",0,1,1595388673.0
fyujo52,t3_hv4qax,I consider being born in Karachi my Paki Authenticity card as I type this from Northeast U.S,0,1,1595399369.0
g0u4mf7,t3_hv4qax,ICH BIN OVERSEAS PAKISTANI,0,1,1596928146.0
g9c8coj,t3_hv4qax,Im an Indian. Lol,0,1,1603124279.0
gd8h97y,t3_hv4qax,I used to live in Canada but now I live in Pakistan so I guess I'm...both? Lmao,0,1,1606064948.0
gh8lfwu,t3_hv4qax,Not a single one of my village cousins know what a Pakistan subreddit is. They sure use Facebook/insta/WhatsApp/tiktok tho,0,1,1609115158.0
fyrdt3g,t3_hv4qax,I am a Pakistani,0,1,1595335580.0
fysbmkd,t3_hv4qax,Overseas Pakistani=Pakistani,0,1,1595353502.0
fytlcg1,t3_hv4qax,"It's all a matter of perspective. You can see this as a con, or you can see it as overseas Pakistanis taking a very active role in trying to stay connected and have meaningful discussions. 

We often see people bringing up overseas Pakistanis in an attempt to somehow segregate them from locals,  but please explain how this is an improvement? There's already a flair, but to me it seems like a 'divide and conquer' kind of thing. It's creating a separation where it need not be. 

Pakistan is not a static environment where the traditions and customs are in some type of sandbox. Pakistani culture is changing so fast that anything you may call a tradition can be challenged. Fight back by maintaining your own customs for as long as you can,  but don't fool yourself by thinking Pakistan is not just changing, but has already changed drastically. Its not good or bad,  it just is. And so I don't think local opinions are any more valid or valuable unless you can show how overseas interference is causing a disruption or degradation of the discussion. 

So if you can,  please explain what the reddit community gains by having a higher proportion of locals.

edit: i get that its just a joke, and thats cool. But this idea does come up often, just saying.",0,1,1595376549.0
fyrfu56,t3_hv4qax,Well reddit is supposed to be more sophisticated than Facebook or twitter so....,0,0,1595336918.0
fyrtyxt,t3_hv4qax,"First world problems. If youâ€™re looking for â€˜AcTUaL PaKiStAnIsâ€™ then facebook.com might be a better place. However, if all you see is a boomer fest then head to tik tok to see what the rest are up to. [kappa]",0,-2,1595344857.0
fyr7om0,t3_hv4qax,Forgot the feminists,0,-8,1595330713.0
fyte34g,t3_hv4qax,"What do you mean, overseas Pakistanis are not actual Pakistanis? ðŸ˜­

Should they post their NIC's?",0,0,1595372383.0
gdcyplt,t3_hv4qax,Iâ€™m offended. Is an overseas Pakistani not an actual Pakistani?,0,0,1606159317.0
fyrzmeb,t3_hv4qax,An actual exmuslim Pakistani here.,0,-7,1595347686.0
fyr6hf1,t1_fyr4cbw,[deleted],1,41,1595329592.0
fyro741,t1_fyr4cbw,I only have 3 alts.  Managing 20 sounds impressive.,1,5,1595341822.0
fytndnh,t1_fyr4cbw,it's the Virk presence,1,1,1595377729.0
fyruukc,t1_fyr8dr0,"Ah African borda heer ah  
Wot ae yo up to broda?",1,2,1595345302.0
fyredoj,t1_fyrab0v,Come here my man. I am a Pakistani Australian Muslim married to a Chinese.,1,62,1595335966.0
fyre85q,t1_fyrab0v,story time?,1,15,1595335864.0
fyrn59x,t1_fyrab0v,"ASA brozzer, tu muslim hai tau bach gaya.",1,4,1595341245.0
fysp73m,t1_fyrab0v,Meme still applies.,1,1,1595360026.0
fyuq8ys,t1_fyrab0v,Pakistani married to Saudi National living in US,1,1,1595405648.0
fyrbkm4,t1_fyr5luv,ðŸ…,1,11,1595333961.0
fytshlh,t1_fyr5luv,It would all be a lot of Old People talking about politics only or Pakistani Kids,1,4,1595380720.0
fys7msm,t1_fyrbc5n,Thatâ€™s a very healthy and cool way to keep up with the world :)! Props to you,1,30,1595351592.0
fyre9yc,t1_fyrbc5n,[deleted],1,19,1595335898.0
fyror7g,t1_fyrbc5n,"One of the Indians said â€œyou donâ€™t like nice guys, you like being treated like shitâ€",1,0,1595342123.0
fyraxq0,t1_fyr6fcv,"Amar shonar Vai (yeh, I assumed ur gender)",1,17,1595333466.0
fyssobk,t1_fyr6fcv,"Bangladesh is moving forward, have you seen the tactical SWAT type game coming from Bangladeshi devs? It's called Zero Hour, looks fucking great.",1,5,1595361701.0
fyr6pox,t1_fyr6fcv,[removed],1,12,1595329810.0
fyrcz2y,t1_fyr6fcv,[removed],1,-11,1595335000.0
fyrivla,t1_fyrig52,"Welcome, my brother from another mother",1,21,1595338803.0
fys0xrq,t1_fyrig52,[deleted],1,4,1595348331.0
fytbbqe,t1_fyrig52,"Ahhhh yes, East Pakistan brother. How goes it?",1,1,1595370849.0
fyui5fl,t1_fyrig52,"> yesterday night

last* night",1,0,1595398012.0
fyrlze3,t1_fyrlrvt,"And overseas Pakistani are sometime disconnected with ground realities, as all they use for their information is media that is largely manipulated and often doesn't truly depicts the real picture on the ground.",1,16,1595340598.0
fyrsuqv,t1_fyrlrvt,Yup. Like me,1,2,1595344287.0
fyr7rxx,t1_fyr53dj,Same here!,1,10,1595330797.0
fys13r6,t1_fyr53dj,sem2sem,1,7,1595348413.0
fyrfn5m,t1_fyr53dj,Same bro..,1,3,1595336794.0
fyrm2lk,t1_fyr53dj,same bro,1,3,1595340648.0
fyrxvsm,t1_fyr53dj,Who is an actual Pakistani?,1,2,1595346825.0
fyr8pbh,t1_fyr6fw0,[removed],1,18,1595331613.0
fyrqeyi,t1_fyr6aww,Reminds me of that degree wala chacha,1,4,1595343010.0
fyr8cr6,t1_fyr6aww,"Haha, that's a typical sentence in England. 90 percent desi plus 2 words of englands",1,5,1595331310.0
fysjjr6,t1_fyr6aww,[deleted],1,1,1595357316.0
fyr8mgb,t1_fyr6aww,[removed],1,-13,1595331546.0
fyrwmkk,t1_fyrj0ng,You brother from Islamabad here,1,6,1595346194.0
fyryshk,t1_fyrd7i3,Iâ€™m from Kent.,1,4,1595347276.0
fyr60bg,t1_fyr356w,Some gate keepers sound butt hurt here.,1,35,1595329136.0
fyrefwb,t1_fyr356w,It's common knowledge that once you step foot out of Pakistan then you're considered angreiz or Western by angry Pakistanis who dislike staying in Pakistan and aren't able to move out.,1,33,1595336007.0
fyr8dwf,t1_fyr356w,[removed],1,12,1595331338.0
fyr3av2,t1_fyr356w,"I mean yeah, not really, but i was talking about people living in Pakistan.",1,3,1595326430.0
fyu5vb1,t1_fysie36,That's the spirit,1,2,1595388843.0
fyt3dwa,t1_fysgevx,Same. High five!,1,1,1595366795.0
fyrd74v,t1_fyr4djp,Asli tatti?,1,8,1595335158.0
fyr6ris,t1_fyr4djp,Found the overseas Pakistani!,1,13,1595329857.0
fyr8h3z,t1_fyr4djp,[removed],1,2,1595331417.0
fyr2wom,t1_fyr2uu9,Look closely there is an indian dude there,1,25,1595326021.0
fyrl3qr,t1_fyr2uu9,Ex Muslims and non Muslims can still be Pakistanis.,1,10,1595340093.0
fyrgvbt,t1_fyrgq3x,Ø³ÛŒÙ… Ù¹Ùˆ Ø³ÛŒÙ… Ø¨Ø±Ø§Ø¯Ú¾Ø±Û”,1,5,1595337564.0
fyr7pc0,t1_fyr5jdf,WHAT,1,14,1595330731.0
fyr5u6m,t1_fyr5jdf,lol ðŸ˜‚,1,8,1595328969.0
fyrnsp3,t1_fyr92q1,What's the difference?,1,9,1595341605.0
fyroxo9,t1_fyr92q1,Kashmiris are Pakistani,1,11,1595342219.0
fyrr5hh,t1_fyr92q1,"Hey, I haven't seen you since eid, you doing good?",1,2,1595343394.0
fyr8qpd,t1_fyr892l,I am here ðŸ˜ŽðŸ˜Ž. OG as fuk.,1,14,1595331647.0
fyraef5,t1_fyr6vc5,"By actual Pakistani, he meant does who live in Pakistan",1,8,1595333027.0
fyrq09g,t1_fyrp7yp,"Admirable, people who leave the west to live in  Pakistan are literally the best. ðŸ‘",1,3,1595342793.0
fyswo6g,t1_fyrp7yp,Anda wala burger khaya? ðŸ˜€,1,2,1595363602.0
fyr9a9t,t1_fyr7pvu,Donâ€™t you mean former?,1,13,1595332108.0
fyrmz7k,t1_fyr7pvu,That is a good distinction. I myself belong to the former category and I visit Pakistan every 1 to 2 years.,1,2,1595341152.0
fyrotvv,t1_fyro5nm,"Nope, never was an overseas Pakistani and never will be âœŒï¸ðŸ‡µðŸ‡°.",1,5,1595342162.0
fyroydp,t1_fyro5nm,"Also, i dont watch simpson at all, i just saw this meme template going around so i took it.",1,1,1595342230.0
fysnk39,t1_fysddhr,"Sadly no, thats why this sub should be renamed as  overseas Pakistan.",1,1,1595359240.0
fyt7vmx,t1_fysy5lh,"Lol, that's what's so confusing for us born overseas

I'm born in Sweden and neither the Swedes or Pakistanis claim us",1,2,1595369006.0
fyu9c6k,t1_fysy5lh,Definately Overseas Pakistani.,1,2,1595391165.0
fyr8lwj,t1_fyr8lvs,"Your comment has been automatically removed because it has been determined as unfit for healthy discussion in /r/Pakistan. Please ensure that you have read and are well aware of [the rules](https://www.reddit.com/r/pakistan/wiki/rules) for /r/Pakistan.

*I am a bot, and this action was performed automatically. Please [contact the moderators of this subreddit](/message/compose/?to=/r/pakistan) if you have any questions or concerns.*",1,0,1595331533.0
fyrek9i,t1_fyrag0x,Majority of the people,1,4,1595336089.0
fystf6e,t1_fyrag0x,"Me, 2nd gen paki living in Norway",1,1,1595362058.0
fys8q81,t1_fyrmumv,But bun kebab is not lahori ðŸ¤¨ðŸ¤¨,1,2,1595352114.0
fys6wxd,t1_fys6wuw,"Your comment has been automatically removed because it has been determined as unfit for healthy discussion in /r/Pakistan. Please conduct yourself in a mature and productive manner. Ad hominem attacks are strictly forbidden. Any cheap language and uncivil behaviour may be dealt with strictly. Please ensure that you have read and are well aware of [the rules](https://www.reddit.com/r/pakistan/wiki/rules) for /r/Pakistan. If you feel you received this message in error, please feel free to [contact the moderators](http://www.reddit.com/message/compose?to=/r/Pakistan&subject=AutoMod%20inappropriate%20comment%20removal%20appeal&message=Dear%20Mods%20of%20%2Fr%2FPakistan%2C%0A%0AHello!%20I%20believe%20that%20my%20comment%2C%20https://www.reddit.com/r/pakistan/comments/hv4qax/what_this_subreddit_feels_like_lol/fys6wuw/%20was%20removed%20in%20error%20and%20would%20like%20to%20appeal%20it%27s%20removal%20because%20...) and appeal this removal.

*I am a bot, and this action was performed automatically. Please [contact the moderators of this subreddit](/message/compose/?to=/r/pakistan) if you have any questions or concerns.*",1,1,1595351244.0
fysnqlz,t1_fysbmkd,Well yes but actually no.,1,1,1595359327.0
fytlxm7,t1_fytlcg1,"And for perspectives,  here's another one..

You can see this subreddit as a 'place for Pakistanis' or a 'place to discuss Pakistan.'

One is much more limited than the other.",1,2,1595376890.0
fyrg28g,t1_fyrfu56,I hate Facebook but that is literally the stupidest thing i have ever heard.,1,3,1595337060.0
gdjigec,t1_gdcyplt,"Yes, they are not considered actual Pakistanis",1,2,1606299356.0
fys0c8w,t1_fyrzmeb,"Thanks for the unnecessary information, didn't really asked, but thanks for giving it.",1,6,1595348038.0
fyr93f2,t1_fyr6hf1,[deleted],2,77,1595331947.0
fyrfw2g,t1_fyr6hf1,Of course I know him. He's me!,2,26,1595336952.0
fyrisb2,t1_fyr6hf1,Probably me,2,7,1595338747.0
fyrmxl6,t1_fyr6hf1,probably me,2,6,1595341128.0
fyrw19u,t1_fyro741,ikr,2,2,1595345900.0
fyruzv5,t1_fyruukc,Broda caen u tael me where i can find da wotah?,2,4,1595345376.0
fyreiju,t1_fyredoj,[deleted],2,122,1595336056.0
fysmulf,t1_fyre85q,Op and spouse parents decided its time for their â€˜sunder shosel honehar â€˜kids to get married. And now op is married. The end.,2,7,1595358903.0
fysww8c,t1_fys7msm,"Thanks, I really enjoy humanity as a subject (sure people can be awful, but WE are really interesting and generally more similar than different). I learned a long time a go that getting news and perspectives directly from a culture or country is better than relying on ""international"" western news.",2,7,1595363706.0
fyrfzat,t1_fyre9yc,Kiun baji say bezat hona chahtay ho?,2,122,1595337009.0
fyrvrfb,t1_fyre9yc,"I think it is a vibrant culture with great people, I also know there are a lot of complex issues that I don't understand enough to really comment on. What makes me the most happy and sad at the same time is how very alike we all are.",2,39,1595345763.0
fyvghe5,t1_fyror7g,What?,2,1,1595427090.0
fyrcn5i,t1_fyraxq0,You got it right brother,2,12,1595334762.0
fyrm3ig,t1_fyraxq0,Spricht Deutsch?,2,3,1595340662.0
fyt7bau,t1_fyssobk,"I didn't know until you told me, the trailer looks dope.",2,1,1595368717.0
fyr7gf0,t1_fyr6pox,"Not Pakistani anymore since 71, but brother for sure",2,49,1595330503.0
fyr7s1b,t1_fyr6pox,You immediately made it obvious why they left us. Congrats.,2,32,1595330800.0
fyrn1bn,t1_fyr6pox,that would be karachi walay,2,3,1595341184.0
fyrunw0,t1_fyr6pox,"Removal Reason: Deemed to be obscene, indecent or profane.",2,3,1595345209.0
fyrm31t,t1_fyrcz2y,What?,2,3,1595340655.0
fyrqr25,t1_fyrcz2y,Bwahahahahaha. Yeah. First floor flooded.,2,3,1595343185.0
fyrun4f,t1_fyrcz2y,"Removal Reason: Deemed to be obscene, indecent or profane.",2,1,1595345199.0
fyrjf2h,t1_fyrivla,"Thanks, brother. :D",2,9,1595339124.0
fys2vqc,t1_fyrivla,Mother from another brother.,2,5,1595349280.0
fyujahg,t1_fys0xrq,Thanks brother. I will try my best to be active in this forum. :),2,2,1595399024.0
fyuj7py,t1_fyui5fl,"Lol. Seriously dude? Grammar policing on Reddit! 

You know both actually correct, don't you?",2,1,1595398955.0
fyrvq1k,t1_fyrlze3,There are really good overseas Pakistanis that understand Pakistan and donâ€™t use biased information on it.,2,14,1595345744.0
fyryuf0,t1_fyrsuqv,Me too,2,7,1595347303.0
fyr7ujb,t1_fyr7rxx,Kahan say hoe?,2,5,1595330862.0
ginwu8x,t1_fyrxvsm,Me,2,1,1610207619.0
fyrda1g,t1_fyr8pbh,"That's stralian, innit bruv?",2,12,1595335214.0
fysuh0p,t1_fyr8pbh,me after watching tommy hardy in peaky blinders,2,1,1595362560.0
fyrd4px,t1_fyr8cr6,"I can understand your sick mentality by using word "" Desi "" ppl like you considered a person's calibre on this basis or think that how polished their manners are..english isn't the superior language of the lot, so let's not try to turn it into one. Not being well-versed in English shouldn't turn anyone into a laughing stock. It should be as normal as saying one prefers to have coffee over tea or vice versa. Don't you agree?",2,-2,1595335111.0
fyskki5,t1_fysjjr6,Ø´Ú©Ø±ÛŒÛ,2,1,1595357803.0
fyrb76u,t1_fyr8mgb,"I haven't said anything in favor of illegal immigrants. I just said Patriotism or national pride is the feeling of love, devotion and sense of attachment to our beloved country without creating any discrimination among overseas and locals.",2,11,1595333674.0
fyra3a1,t1_fyr8mgb,"Hey, you forgot the /s",2,10,1595332772.0
fyreha9,t1_fyr8mgb,"Have you seen the opportunities for youth in Pakistan? Corruption everywhere you go? The education there is just eh, and getting a good paying job is really hard, not to mention the overwhelming amount of nepotism.",2,2,1595336033.0
fyt62eb,t1_fyrwmkk,[removed],2,6,1595368105.0
ginwzuo,t1_fyrwmkk,Same,2,1,1610207703.0
fyt9bqr,t1_fyryshk,"I'm in no way Pakistani, just had a great trip there once. Following the Reddits for places youve been is a good way to keep the memories.",2,7,1595369776.0
fyrg3s1,t1_fyr60bg,Maulvi k paas jao gay to yayhi hoga,2,8,1595337087.0
fyrjhlo,t1_fyrefwb,"Well, I think that people who completely distance themselves from Pakistan and its culture after moving out do deserve to be called angreizis if anything. I'm an overseas Pakistani myself but I live in Saudi Arabia. In fact, i've almost spent my entire life here. But I still try to stay close to my roots by learning and speaking Urdu and sometimes Punjabi too. It's not very difficult especially if you live in the US or UK where the only language you'll be speaking is English..",2,26,1595339166.0
fyrmvkf,t1_fyrefwb,"That is absolutely not the case but sure... Good job on spreading a completely fake made up opinion as ""common knowledge"".",2,9,1595341097.0
fyrre24,t1_fyr8dwf,"To be honest a lot of overseas Pakistanis donâ€™t move because they think Pakistan is shit and â€œnot according to their standardsâ€ they move because in Pakistan you donâ€™t have basic needs such as education, healthcare, safety/police.",2,9,1595343520.0
fyrimyt,t1_fyr8h3z,[removed],2,1,1595338658.0
fyr5tv8,t1_fyr2wom,Apu?,2,8,1595328961.0
fys87a8,t1_fyrl3qr,I think he means people not from Pakistan that want to come for content since some of our posts are religous,2,1,1595351864.0
fyri511,t1_fyrgvbt,"ÙˆÛŒØ³Û’ Ù…ÛŒÚº Ø®ÙˆØ´ ÛÙˆÙ† Ú©Û’ ""Ø§ÛŒÚ©Ú†ÙˆØ§Ù„ Ù¾Ø§Ú©Ø³ØªØ§Ù†ÛŒ"" ÛŒÛÚº Ù¾Ø± Ù†ÛÛŒÚº ÛÛŒÚº",2,2,1595338350.0
fyrrfnh,t1_fyroxo9,What do you mean? You do know there are many living on the Indian Side?,2,1,1595343543.0
fyrrdhu,t1_fyrr5hh,Alhamdulilah. WBU,2,3,1595343512.0
fyr8rpa,t1_fyr8qpd,[removed],2,6,1595331670.0
fyrsu3j,t1_fyraef5,Should've used the word resident,2,7,1595344277.0
fyr9p5z,t1_fyr9a9t,Latter. They're likely born in a Pakistani household because it was their parents who migrated. They still follow culture and language but don't a strong connection directly to Pakistan besides their parents.,2,2,1595332448.0
fyrr8fi,t1_fyrotvv,"Yaar, its fun!  Do it for 2 years, its fun!  Its an adventure.

By the way, the fun is so over in being a Overseas Pakistani.  It use to be really fun living in The Gulf (Dubai) as it was a really great community to be a part of.  Or being 1 of 3 Pakistani families in some town in the US and each family hating each other but would still meetup on the weekends to talk in Urdu or Punjabi and make samosas.  That was a fun time but is totally over now.  

Now its just lame people and bland places everywhere.  

Life is short have some fun.  Come overseas for a bit and head back home. Its fun.  I did it and got a lot out of it.",2,2,1595343438.0
fyrr9uj,t1_fyroydp,You did awesome!  Perfect meme!  I love it.  It needs to be inducted into the Meme Hall of Fame for Eternity!,2,3,1595343459.0
fysnicc,t1_fys8q81,"My man, you need to visit Lahore. I'll recommend you some great bun kebab joints. I literally grew up on that greasy goodness",2,1,1595359216.0
fyt0qex,t1_fysnqlz,Yes,2,1,1595365523.0
fyt0s0j,t1_fysnqlz,"When a canadian goes to Denmark to live there, isnt he still a canadian?",2,1,1595365545.0
fyt0xqb,t1_fysnqlz,"Its really weird, cos in canada we are seen as pakistani whilst in Pakistan we are seen as canadians. Its gives us identity problem(for some people)",2,1,1595365622.0
fyrg4ss,t1_fyrg28g,Supposed is the keyword here pal,2,1,1595337105.0
fys0w6o,t1_fys0c8w,Triggered I know. Use ice on swollen parts.,2,-1,1595348310.0
fyruy7t,t1_fyrfw2g,Rajaa jee na kariyo.,3,4,1595345353.0
fysmcmm,t1_fyrmxl6,definitely me,3,2,1595358664.0
fyrvth7,t1_fyruzv5,[removed],3,1,1595345792.0
fyren99,t1_fyreiju,"I am sure your hand can do better.....

Edit: Is your hand Muslim?",3,52,1595336142.0
fyt5mhs,t1_fysww8c,Smart smart,3,2,1595367890.0
fyrm5vr,t1_fyrfzat,Izzat ho gi to beizzat ho ga,3,59,1595340700.0
fyrnr1q,t1_fyrfzat,Gori forun baji bangayi?,3,21,1595341580.0
fyrmhsc,t1_fyrm3ig,Nein! Ich spreche kein Deutsch.,3,5,1595340883.0
fyt8pop,t1_fyt7bau,"Yep, the game is right up my alley. Looks like Siege in its early days :).",3,1,1595369452.0
fyr7o6x,t1_fyr7gf0,:),3,19,1595330703.0
fyre7m7,t1_fyr7gf0,[deleted],3,11,1595335854.0
fyrukky,t1_fyr7gf0,My apologies for that comment. It has been removed.,3,7,1595345163.0
fys4ycy,t1_fyrm31t,"It's a meme.

Nederlands = [Swamp Germany](https://www.reddit.com/r/europe/comments/2oy7hp/does_your_country_have_any_nicknames_to_tease_its/)",3,2,1595350289.0
fys4t7c,t1_fyrun4f,"Bruh, that's a meme.  
Lookup ""[swamp germany](https://www.reddit.com/r/europe/comments/2oy7hp/does_your_country_have_any_nicknames_to_tease_its/)""

FML",3,3,1595350221.0
fys51a8,t1_fys2vqc,Brother from another brother,3,6,1595350328.0
fyuxqmb,t1_fyuj7py,"not policing. just casually mentioning. no need to get butthurt. learn it or ignore it and move on.

> both actually correct

probably but it [does sounds weird](https://english.stackexchange.com/a/15730).",3,1,1595413289.0
fyt8wc6,t1_fyrvq1k,Not the ones who blindly praise PTI (i.e. most of them),3,1,1595369551.0
fysuw7c,t1_fyrvq1k,I like to think I'm one.,3,2,1595362760.0
fys169n,t1_fyryuf0,[deleted],3,7,1595348447.0
fyrd9zm,t1_fyr7ujb,I see what you did there,3,9,1595335213.0
fyrnxjn,t1_fyrda1g,It be true,3,3,1595341678.0
fysmpp9,t1_fyrda1g,Yeah think heâ€™s acting bare wasteman blud,3,3,1595358838.0
fys4dfb,t1_fyrd4px,"Im referring to that fact that you used one word in English in a sentence of perfect urdu, which is something you see in the UK where people aren't practised enough in their own languages to NOT use the English. 

I don't know why you seem to think im looking down on you when all I did was make an observation. In the UK, being able to speak English is expected. If you can speak it, we don't care. To us, it's more interesting when people can speak their mother tongue fluently without having to use engliah as a crutch. 

How about you relax a little?",3,9,1595350011.0
fyrxwc6,t1_fyrd4px,"Not supporting him but why do you consider a person writing as you do to have 'polished manners?' Just a different form of communication, there shouldn't be elitism linked to it",3,2,1595346833.0
fyrcuyq,t1_fyrb76u,[removed],3,0,1595334918.0
fyrcswe,t1_fyra3a1,[removed],3,2,1595334877.0
fyrj09b,t1_fyreha9,"Well, it's the youth's job to do something about it. There are plenty of opportunities as long as you work hard enough; it's a country with over 200m people! It's not easy, I know, and I do agree with your other points. But leaving the country for good while not contributing back home is really selfish and accomplishes nothing.",3,0,1595338880.0
fyt64rq,t1_fyt62eb,"Nah, I am less burger than you",3,3,1595368138.0
fyte7fe,t1_fyt9bqr,"Yeah me neither. I worked in India for a few years and had no end of people telling me what Pakistan was, so I thought Iâ€™d get a look myself.",3,3,1595372452.0
fyrnf51,t1_fyrg3s1,"aj kal tau university janay walon ke saath bhi yehi haal hai. Beta baray ho kar kya bano gay. DAAAKTAR. MA beta, lekin DAAKTAR banenay ke liye liberal professor se aik do dafa tau chudna paray ga. Smol sacrifice for big reward & achievement",3,-3,1595341399.0
fyrr1tl,t1_fyrjhlo,I am also a Pakistani Punjabi who has lived his entire life in KSA. How are you?,3,6,1595343341.0
fz6qt38,t1_fyrmvkf,It is.,3,0,1595675537.0
fyrsq7u,t1_fyrre24,[removed],3,7,1595344221.0
fyrin0z,t1_fyrimyt,"Your comment has been automatically removed because it has been determined as unfit for healthy discussion in /r/Pakistan. Please ensure that you have read and are well aware of [the rules](https://www.reddit.com/r/pakistan/wiki/rules) for /r/Pakistan.

*I am a bot, and this action was performed automatically. Please [contact the moderators of this subreddit](/message/compose/?to=/r/pakistan) if you have any questions or concerns.*",3,1,1595338659.0
fyr7d9u,t1_fyr5tv8,"The lady standing right in the middle of the photo labeled ""Indian"" my bro",3,3,1595330424.0
fysx5uo,t1_fyri511,why though? because they are more conservative?,3,2,1595363833.0
fyrx72o,t1_fyrrfnh,Brother it doesn't matter which side they are on. They are Pakistanis if they choose to be.,3,6,1595346481.0
fyrubea,t1_fyrrdhu,"Great, things are starting to look up.",3,2,1595345033.0
fyrf5lx,t1_fyr8rpa,"You talk like a foreigner, sound suspicious",3,6,1595336476.0
fyraejg,t1_fyr9p5z,"Nah it's the other way around. People who moved from Pakistan, but still go back vs people who either left and never looked back or have never been to Pakistan. In western countries most people don't use their native language anymore and it is replaced by English overtime and they have no connection to the culture, these people think Pakistan is Bollywood and end up falling for sem2sem.",3,7,1595333029.0
fyrsgju,t1_fyrr8fi,"Yeah i got relatives living abroad and they say the same thing that the sense of community is very strong in overseas pakistani communities, but i dont want to go some country to live there permenantly. For few months somehow?, that would be great for me for exposure and experience but my goal is to end up working for Pakistan and helping my country grow rather then some western and gulf country. (Pakistan is already  getting really badly effected by brain drain)",3,4,1595344080.0
fyum032,t1_fyt0xqb,"It's not that deep, i would never call you a Pakistani or a Canadian, u are Canadian Pakistani. Pakistani is not an ethnic group there are so many ethnicities in Pakistan, so if u are a punjabi for example i would always call you a Punjabi, no matter where you live or you have never even been to Pakistan and know nothing of Pakistan. You are still Punjabi. Same thing with Baloch, Pushto, Sindhi, Saraiki, etc. It is not same as an Arab living in US or Canada, etc. Because Arab is an ethnicity.",3,3,1595401492.0
fyrvmdz,t1_fyruy7t,Maluk ji ainj hi hona hay,4,3,1595345692.0
fyrvti7,t1_fyrvth7,"Your comment has been automatically removed because it has been determined as unfit for healthy discussion in /r/Pakistan. Please conduct yourself in a mature and productive manner. Ad hominem attacks are strictly forbidden. Any cheap language and uncivil behaviour may be dealt with strictly. Please ensure that you have read and are well aware of [the rules](https://www.reddit.com/r/pakistan/wiki/rules) for /r/Pakistan. If you feel you received this message in error, please feel free to [contact the moderators](http://www.reddit.com/message/compose?to=/r/Pakistan&subject=AutoMod%20inappropriate%20comment%20removal%20appeal&message=Dear%20Mods%20of%20%2Fr%2FPakistan%2C%0A%0AHello!%20I%20believe%20that%20my%20comment%2C%20https://www.reddit.com/r/pakistan/comments/hv4qax/what_this_subreddit_feels_like_lol/fyrvth7/?context=3%20was%20removed%20in%20error%20and%20would%20like%20to%20appeal%20it%27s%20removal%20because%20...) and appeal this removal.

*I am a bot, and this action was performed automatically. Please [contact the moderators of this subreddit](/message/compose/?to=/r/pakistan) if you have any questions or concerns.*",4,1,1595345793.0
fyrqv32,t1_fyren99,"""couldn't you find a fairer hand"" said most Pakistani mom's.",4,26,1595343244.0
fyrmwoz,t1_fyrm5vr,Leli ðŸ˜‚,4,20,1595341114.0
fyro9er,t1_fyrnr1q,Bhai bna doon?,4,16,1595341857.0
fyrmumm,t1_fyrmhsc,Oh Scheisse! KhÃ¤sch du spricht SchwiitzertÃ¼tsch?,4,3,1595341083.0
fyrqebp,t1_fyre7m7,"Lol if anything bengalis should have grudge against us, which most of them rightly do.",4,10,1595343000.0
fyt7tky,t1_fyrukky, appreciate your effort. I didn't mind for the comment.,4,2,1595368977.0
fyt901f,t1_fyt8wc6,"Nope, you canâ€™t just assume they blindly vote for somebody, or at least most",4,1,1595369605.0
fyumi5x,t1_fyt8wc6,"I agree overseas Pakistani and Blindly praising PTI is a thing you can see all over twitter, Facebook,reddit,etc. Shows the real disconnect.",4,1,1595401962.0
hi6y12t,t1_fyt8wc6,"MOST?????

Not even half

Its just the people whos relatives tell them that Imran khan is sexy prime minister

He will bring innovation and dumb mdcats",4,1,1635298295.0
fysuxsp,t1_fysuw7c,"Yes sir, you are.",4,1,1595362780.0
fyu0qqg,t1_fys169n,Behenji XD,4,2,1595385643.0
fyrhfxg,t1_fyrd9zm,What I did?,4,3,1595337920.0
fys7epm,t1_fys4dfb,"In an attempt to remove my crutch. What DO you call ""overseas"" in Urdu? I only hear the expression ""Bahir se ai/aya"".",4,1,1595351484.0
fyrytwo,t1_fyrxwc6,Jusr for an example that how we think abt English speaking ppl,4,0,1595347296.0
fyrdeyo,t1_fyrcuyq,Such kind of ppl everywhere even in US/UK,4,3,1595335307.0
fyrqh2i,t1_fyrcswe,For sarcasm,4,2,1595343040.0
fyrjzuw,t1_fyrj09b,"You work hard, go to the interview but the interviewers nephew gets the job :/",4,5,1595339462.0
fyrs27a,t1_fyrj09b,"A relationship is always two way. Looking at the government's consistent neglect of its citizens, they don't owe the state shit and have every right to leave. It's not selfish, rather intuitive",4,0,1595343872.0
fyt81rz,t1_fyt64rq,[removed],4,3,1595369097.0
fyrsaoc,t1_fyrnf51,Who's been teaching you dude? Just here to say it's not normal,4,7,1595343994.0
fyrr93z,t1_fyrr1tl,"I'm fine, thanks for asking! What about you?",4,3,1595343448.0
fys1lcb,t1_fyrsq7u,"The things I mentioned above are only SOME of the reasons why Pakistanis move from Pakistan, I can list more. Inflated taxes on cars/imports, inflation on Properties, corruption, pollution. My point is yes, you do have all these problems in 1st world countries but the difference is if in the US there was a murder case at least the proper action would be taken towards finding the criminal responsible and providing justice, in Pakistan the police would be paid off and nothing would happen. Thatâ€™s the difference.",4,4,1595348651.0
fysxn8d,t1_fysx5uo,"I guess? I don't really know what to say,i think its because of the shit memes,stupid posts,yahoodi saazish,saying x thing is haram while commiting y (which is also haram),hypocrisy...",4,1,1595364060.0
fyrxeqf,t1_fyrx72o,Exactly *if they choose to be*,4,4,1595346586.0
fyrb1cf,t1_fyraejg,"Differs by people. But for most people, that is not the case.

Please don't confuse self-hating Pakistanis to be the majority.

Most overseas Pakistanis are only 2nd generation anyways, as Pakistan isn't that old. These people may suck at Urdu and not even know the geography but they still enjoy desi food, have traditional weddings and wear traditional clothes on occasions.

What you say, will happen, yes. But there's time in that. Most adults who are 3rd or 4th gen immigrants likely identify as Indian ethnically because when their forefathers migrated, Pakistan didn't exist.",4,5,1595333545.0
fyre8nk,t1_fyraejg,I agree with you 100%,4,2,1595335874.0
fystpmm,t1_fyraejg,"I don't know man, us 2nd generation Pakistanis have parents who still think Pakistan is the same when they left the country. So in that sense they are kinda old-school and perhaps even more strict on certain things than modern day Pakistan.",4,2,1595362195.0
fystqhw,t1_fyraejg,"I don't know man, us 2nd generation Pakistanis have parents who still think Pakistan is the same when they left the country. So in that sense they are kinda old-school and perhaps even more strict on certain things than modern day Pakistan.",4,1,1595362207.0
fysjdca,t1_fyrsgju,Bro you are the first Pakistani I've seen who's recognised this problem and actually cared. As an overseas Pakistani I've been thinking about this for a long time. But I feel it is not my responsibility anymore.,4,2,1595357231.0
fystzu7,t1_fyrsgju,">  very strong in overseas pakistani communities,

Back in the day (80's and 90's) but not today.

But yes, drop by for 2 or 3 years.  We need our people to be more ""international"" only way we will explode to the future.

May we drink and smoke to our glorious future!

Give LA and NYC a try.  Itll suck balls but you will gain a perspective that will profit you and our glorious nation!

If you ever want advice on the West, PM me.",4,0,1595362333.0
fytscd6,t1_fyrqv32,"Sure Lemme ""moisturize"" it.",5,3,1595380634.0
fyroiwc,t1_fyro9er,Asei hai to bhai sahab bana de ðŸ˜‚,5,5,1595342000.0
fyuyylu,t1_fyro9er,hahahah - This sub\* is constant source of dhaba level juggats,5,1,1595414502.0
fyrncge,t1_fyrmumm,"Alter!, was zum Teufel ist das fÃ¼r eine Sprache?",5,3,1595341357.0
fyruo0m,t1_fyrqebp,"Actually true, they were treated like shit",5,7,1595345211.0
fyt0zse,t1_fysuxsp,Thank you!,5,1,1595365650.0
fyu0xjh,t1_fyu0qqg,[deleted],5,5,1595385759.0
fyrq335,t1_fyrhfxg,Hoe?,5,6,1595342834.0
fyupp22,t1_fys7epm,valaiti,5,1,1595405086.0
fysa9k8,t1_fys7epm,Ghair mulki,5,1,1595352846.0
fyrdz7n,t1_fyrdeyo,Peolpe dont immigrate beacuse of better roads or better hospitals from Pakistan major stimulus for moving abroad these days is jobs and employment.,5,3,1595335696.0
fyrsuv0,t1_fyrs27a,"It's not intuitive to leave your home country and give it nothing in return, saying ""muh government neglects us"" is a terrible and childish excuse. If the government truly neglected the country then Pakistan would be a failed state. However, there are many selfish people in government who only serve themselves, just like the people who leave forever. We are the only ones who can actually do something about it and whining like little children in a candy shop isn't going to do anyone justice. If you see something wrong, do something about it! Sewers overflowing? Report it! And if nothing is still done about it, you try to spread awareness of what's happening. The little things matter A LOT and will eventually lead to reform in the government, as long as we're ready to combat the social problems that lie ahead such as corruption and ""finding the easy way out"" in everything.",5,1,1595344289.0
fyt88m5,t1_fyt81rz,"Whoops got me, I was just reading some Urdu book.",5,3,1595369198.0
fyrwq0c,t1_fyrsaoc,"Thankfully I did my degree in America. ðŸ¤—

RIP Pak uni students tbh",5,-2,1595346241.0
fyruf7t,t1_fyrr93z,I'm great.,5,3,1595345088.0
fys2th3,t1_fys1lcb,[removed],5,1,1595349250.0
fyrxnpc,t1_fyrxeqf,That totally goes against your point. I don't think you understand what you are trying to communicate or you are just bad at choosing words. Good Luck.,5,5,1595346711.0
fyrej56,t1_fyrb1cf,"But they still are not ""actual Pakistanis"" in my opinion. Unless they have Pakistani passport then yeah, but being born in an american-pakistani or canadian-pakistani family does not make them 100% Pakistani.",5,0,1595336068.0
fyrlrb2,t1_fyrb1cf,"Yes I know the self hating ones aren't the majority, it's worse than that. The majority just don't know anything about Pakistan, as if they have never heard of it. By overseas I am referring to people who are residents of another country and primarily live there, myself included. Urdu is always a bare minimum. Most only know a few words.  Ofc they would like stuff like naan and kebabs, but they don't have a liking to anything else, roti, saag, korma etc... The ""Indian"" ones that I am referring to have lived their entire lives in a western country and have never been to Pakistan, they end up learning about the subcontinent through Bollywood films, the number of people like that is too damn high. If you go onto social media and look at Pakistanis that wan't dancing Bollywood style weddings, the people that want Pakistan to give up Kashmir, etc... is too high. But this is the minority luckily.",5,0,1595340471.0
fyvkq7h,t1_fytscd6,Hahahahahahahaha,6,3,1595429341.0
fyrof0i,t1_fyrncge,Es ist Schweizerdeutsch.,6,4,1595341941.0
fyu1e7a,t1_fyu0xjh,"Lol

Lockdown kaisa chal raha hai? Its raining here today... beautiful weather :)",6,2,1595386041.0
fys9hwd,t1_fyrq335,Ho*,6,3,1595352481.0
fysds0f,t1_fysa9k8,Shukria,6,1,1595354545.0
fyub43g,t1_fyrsuv0,"This ^^^^

So true",6,1,1595392403.0
fyt8roi,t1_fyt88m5,[removed],6,2,1595369482.0
fys4hcj,t1_fys2th3,"Now thatâ€™s a different discussion and point of view, I donâ€™t know about other overseas Pakistanis but I still visit home roughly 3-4times a year and I still invest into property and businesses in Pakistan with the hopes that some day Pakistan will improve.",6,4,1595350063.0
fyry0im,t1_fyrxnpc,Pakistan is Kashmir's friend and an ally and the love between the two is amazing. And I am sure many people in Kashmir want to join Pakistan. Let's just hope for a referendum(looks highly unlikely tho),6,3,1595346892.0
fyrn4in,t1_fyrlrb2,"> Pakistanis that want dancing Bollywood style weddings

I take it you've never been to weddings in Karachi or parts of Punjab.

Pakistan is a very diverse place with a lot of sub-cultures. A lot of our culture is the same as central India... because it literally was the same place not that long ago.

It really looks like you think your view of Pakistan or of the people you know, is what's common.

Also to keep in mind, a big majority of overseas Pakistanis live in the middle east. Who still hold **only** Pakistani passports, even if they have been there since birth and only visit Pakistan once every few years.",6,1,1595341233.0
fyroqbc,t1_fyrof0i,Ich bleibe weg von die. Hochdeutsch ist schon schwer,7,8,1595342110.0
fytcibv,t1_fyt8roi,Itâ€™s okay,7,2,1595371497.0
fys6nuf,t1_fys4hcj,[removed],7,3,1595351117.0
fytnagm,t1_fyry0im,"Referendum is basically out of the question now, demographics change in IOJK is already in progress, if they success the results of a plebiscite would be null and void. There's only one solution left and it's the same one that liberated GB and AJK.",7,1,1595377679.0
fyrnwr6,t1_fyrn4in,"I have been to a number of weddings, but they straight up give a step by step of the last movie they saw, with the large dance scenes. Notice how I didn't say Indian weddings but said Bollywood, as in straight out of a movie. Yes I know that we have cultural similarities.

I am not talking about the ones that live in regions close by and actually visit from time to time. I am specifically talking about the ones born in the US or UK that spend their entire lives there",7,1,1595341666.0
fyrout1,t1_fyroqbc,hehe,8,3,1595342176.0
fytjn6w,t1_fyroqbc,genauso lool,8,2,1595375583.0
fysib2m,t1_fys6nuf,"Yes I can agree with that strongly, People who leave and talk shit about their own origin donâ€™t deserve anything.",8,3,1595356725.0
fyrreif,t1_fyrnwr6,"bro i don't know about you but here in pakistan the weddings are becoming less and less bollywood style ,In lahore there is literally no time (just around 3 hours) people just come eat and leave literally we just have some photos songs or little to no dancing and big extravagant wedding like in  india is so rare in lahore and literally everywhere in pakistan  but in karachi which still has some indian influence on it have big bollywood style weddings but even there its fading away FAST.",8,2,1595343526.0
fys0r4a,t1_fyrout1,[deleted],9,1,1595348241.0
fytsm9y,t1_fys0r4a,Aaaaaaaaaaaagh!!!!!!!,1,1,1595380797.0
